requirement_ref,decision_refs,model_or_schema_refs,tool_contract_refs,migration_refs,service_refs,test_refs,acceptance_refs,operational_verification_refs,status
ONT-REQ-0001,ONT-DEC-0007|ONT-DEC-0017,operator_utterances|OperatorUtterance,,migrations/versions/0028_provenance_bootstrap.py|migrations/versions/0029_runtime_provenance_inspection.py,src/docket/services/provenance.py,tests/integration/test_provenance_ledger.py::test_operator_utterance_is_verbatim_idempotent_and_immutable,ONT-ACC-0001,,implemented_verified
ONT-REQ-0002,ONT-DEC-0007|ONT-DEC-0017,operator_utterances|OperatorUtterance,interactive.authority_basis,migrations/versions/0028_provenance_bootstrap.py|migrations/versions/0029_runtime_provenance_inspection.py,src/docket/services/provenance.py|hermes/plugin/docket_discord,tests/integration/test_provenance_ledger.py::test_operator_utterance_is_verbatim_idempotent_and_immutable|tests/adversarial/test_plugin_actor_gate.py::test_trusted_ingress_fails_closed_when_utterance_cannot_persist,ONT-ACC-0001,ONT-OPS-UTTERANCE-FAIL-CLOSED-0001,implemented_verified
ONT-REQ-0003,ONT-DEC-0007|ONT-DEC-0017,OperatorUtteranceAuthority,interactive.changeset_commit,migrations/versions/0028_provenance_bootstrap.py|migrations/versions/0029_runtime_provenance_inspection.py,hermes/plugin/docket_discord/__init__.py|src/docket/mcp/instrumented.py,tests/integration/test_authority_model.py::test_interactive_clarification_resumes_commits_and_replays,ONT-ACC-0026,,implemented_verified
ONT-REQ-0004,ONT-DEC-0007,operator_utterances|OperatorUtterance,,migrations/versions/0028_provenance_bootstrap.py|migrations/versions/0029_runtime_provenance_inspection.py,src/docket/services/provenance.py,tests/integration/test_provenance_ledger.py::test_operator_utterance_is_verbatim_idempotent_and_immutable,ONT-ACC-0001,,implemented_verified
ONT-REQ-0005,ONT-DEC-0007,operator_utterances,,migrations/versions/0028_provenance_bootstrap.py|migrations/versions/0029_runtime_provenance_inspection.py,src/docket/services/provenance.py,tests/integration/test_provenance_ledger.py::test_operator_utterance_is_verbatim_idempotent_and_immutable,ONT-ACC-0001,,implemented_verified
ONT-REQ-0006,ONT-DEC-0007,operator_utterances.request_key|content_hash,,migrations/versions/0028_provenance_bootstrap.py|migrations/versions/0029_runtime_provenance_inspection.py,src/docket/services/provenance.py,tests/integration/test_provenance_ledger.py::test_operator_utterance_is_verbatim_idempotent_and_immutable,ONT-ACC-0002,,implemented_verified
ONT-REQ-0007,ONT-DEC-0017,agent_responses|AgentResponse,,migrations/versions/0028_provenance_bootstrap.py|migrations/versions/0029_runtime_provenance_inspection.py|migrations/versions/0035_agent_turn_response_linkage.py,src/docket/services/provenance.py|src/docket/services/discord_projection.py,tests/adversarial/test_plugin_actor_gate.py::test_agent_response_persistence_failure_blocks_discord_delivery|tests/integration/test_authority_model.py::test_intent_session_and_turn_survive_as_durable_exact_state|tests/adversarial/test_plugin_actor_gate.py::test_agent_response_persistence_failure_blocks_discord_delivery,ONT-ACC-0025,,implemented_verified
ONT-REQ-0008,ONT-DEC-0017,AgentResponse|DeliveryState,,migrations/versions/0028_provenance_bootstrap.py|migrations/versions/0029_runtime_provenance_inspection.py|migrations/versions/0035_agent_turn_response_linkage.py,src/docket/services/provenance.py,tests/adversarial/test_plugin_actor_gate.py::test_agent_response_persistence_failure_blocks_discord_delivery|tests/integration/test_authority_model.py::test_intent_session_and_turn_survive_as_durable_exact_state,ONT-ACC-0025,,implemented_verified
ONT-REQ-0009,ONT-DEC-0017,IntentTurn.response_disposition|agent_responses,ONT-TOOL-0006|ONT-TOOL-0007,migrations/versions/0028_provenance_bootstrap.py|migrations/versions/0029_runtime_provenance_inspection.py|migrations/versions/0035_agent_turn_response_linkage.py,src/docket/services/history.py|src/docket/services/provenance.py,tests/integration/test_history.py::test_exact_history_lookup_and_conversation_reconstruction_are_public_and_bounded|tests/integration/test_authority_model.py::test_intent_session_and_turn_survive_as_durable_exact_state,ONT-ACC-0025,ONT-OPS-DISCORD-OUTAGE-0001,implemented_verified
ONT-REQ-0010,ONT-DEC-0007,interpreted_statements,,migrations/versions/0028_provenance_bootstrap.py|migrations/versions/0029_runtime_provenance_inspection.py,src/docket/services/statements.py,tests/integration/test_authority_model.py::test_statement_derivation_allows_zero_and_replays_without_mutation,ONT-ACC-0027,,implemented_verified
ONT-REQ-0011,ONT-DEC-0007,InterpretedStatement,,migrations/versions/0028_provenance_bootstrap.py|migrations/versions/0029_runtime_provenance_inspection.py,src/docket/services/statements.py,tests/integration/test_authority_model.py::test_statement_derivation_allows_zero_and_replays_without_mutation,ONT-ACC-0027,,implemented_verified
ONT-REQ-0012,ONT-DEC-0007,interpreted_statements.utterance_ref,,migrations/versions/0028_provenance_bootstrap.py|migrations/versions/0029_runtime_provenance_inspection.py,src/docket/services/statements.py,tests/integration/test_history.py::test_exact_history_lookup_and_conversation_reconstruction_are_public_and_bounded,ONT-ACC-0027,,implemented_verified
ONT-REQ-0013,,statement_relations|StatementRelation,ONT-TOOL-0006|ONT-TOOL-0007,migrations/versions/0030_authority_model.py,src/docket/services/statements.py|src/docket/services/history.py,tests/integration/test_authority_model.py::test_nonoverlap_and_explicit_supersession_do_not_open_conflict,ONT-ACC-0004,,implemented_verified
ONT-REQ-0014,,InterpretedStatement,interactive.changeset_commit,migrations/versions/0030_authority_model.py,src/docket/services/statements.py|src/docket/services/change_sets.py,tests/integration/test_authority_model.py::test_statement_derivation_allows_zero_and_replays_without_mutation|tests/integration/test_authority_model.py::test_interactive_clarification_resumes_commits_and_replays,ONT-ACC-0027,,implemented_verified
ONT-REQ-0015,ONT-DEC-0018,ProvenanceRef|CanonicalAssertionProvenance,ONT-TOOL-0006|ONT-TOOL-0007,migrations/versions/0028_provenance_bootstrap.py|migrations/versions/0029_runtime_provenance_inspection.py,src/docket/services/provenance.py,tests/integration/test_typed_registry.py::test_rich_registry_graph_commits_atomically_with_create_references|tests/integration/test_canonical_event_changesets.py::test_rich_event_changeset_commits_event_route_and_provider_intents_without_approval,ONT-ACC-0021,,implemented_verified
ONT-REQ-0016,,CanonicalAssertionStatus|validity_intervals,ONT-TOOL-0007,migrations/versions/0031_typed_registry.py,src/docket/services/provenance.py|src/docket/services/registry.py,tests/integration/test_typed_registry.py::test_fact_supersession_preserves_historical_assertion,ONT-ACC-0004,,implemented_verified
ONT-REQ-0017,ONT-DEC-0018,ProvenanceRef,ONT-TOOL-0006|ONT-TOOL-0007,migrations/versions/0028_provenance_bootstrap.py|migrations/versions/0029_runtime_provenance_inspection.py,src/docket/services/history.py,tests/integration/test_typed_registry.py::test_rich_registry_graph_commits_atomically_with_create_references|tests/integration/test_history.py::test_exact_history_lookup_and_conversation_reconstruction_are_public_and_bounded,ONT-ACC-0021,,implemented_verified
ONT-REQ-0018,,Conflict,ONT-TOOL-0008,migrations/versions/0030_authority_model.py,src/docket/services/conflicts.py,tests/integration/test_typed_registry.py::test_ambiguous_fact_contradiction_opens_conflict_and_preserves_canonical_value,ONT-ACC-0005,,implemented_verified
ONT-REQ-0019,,Fact.valid_from|Fact.valid_to,ONT-TOOL-0008,migrations/versions/0031_typed_registry.py,src/docket/services/conflicts.py,tests/integration/test_authority_model.py::test_nonoverlap_and_explicit_supersession_do_not_open_conflict,ONT-ACC-0028,,implemented_verified
ONT-REQ-0020,,StatementRelation.supersedes,interactive.changeset_commit,migrations/versions/0030_authority_model.py,src/docket/services/conflicts.py|src/docket/services/change_sets.py,tests/integration/test_typed_registry.py::test_fact_supersession_preserves_historical_assertion|tests/integration/test_authority_model.py::test_nonoverlap_and_explicit_supersession_do_not_open_conflict,ONT-ACC-0004,,implemented_verified
ONT-REQ-0021,,Conflict,ONT-TOOL-0008,migrations/versions/0030_authority_model.py,src/docket/services/conflicts.py,tests/integration/test_typed_registry.py::test_ambiguous_fact_contradiction_opens_conflict_and_preserves_canonical_value,ONT-ACC-0005,,implemented_verified
ONT-REQ-0022,,ChangeSetRevision|Conflict,ONT-TOOL-0008|ONT-TOOL-0010|ONT-TOOL-0011,migrations/versions/0030_authority_model.py,src/docket/services/change_sets.py|src/docket/services/conflicts.py,tests/integration/test_authority_model.py::test_open_conflict_blocks_whole_changeset_until_blocked_effect_removed,ONT-ACC-0029,,implemented_verified
ONT-REQ-0023,,Conflict|ConflictStatus,ONT-TOOL-0008,migrations/versions/0030_authority_model.py,src/docket/services/conflicts.py,tests/integration/test_typed_registry.py::test_ambiguous_fact_contradiction_opens_conflict_and_preserves_canonical_value,ONT-ACC-0005,,implemented_verified
ONT-REQ-0024,,Decision|ConflictResolution,ONT-TOOL-0009,migrations/versions/0030_authority_model.py,src/docket/services/conflicts.py|src/docket/services/provenance.py,tests/integration/test_authority_model.py::test_conflict_resolution_commits_through_one_immutable_changeset,ONT-ACC-0006,,implemented_verified
ONT-REQ-0025,ONT-DEC-0018,PublicRefRegistry|ProvenanceRef,ONT-TOOL-0006|ONT-TOOL-0007,migrations/versions/0028_provenance_bootstrap.py|migrations/versions/0029_runtime_provenance_inspection.py|migrations/versions/0037_provider_account_public_refs.py,src/docket/domain/public_refs.py,tests/unit/test_tracked_context_primitives.py::test_clean_public_reference_registry_has_one_meaning_per_prefix|tests/integration/test_history.py::test_provider_identity_source_ref_is_searchable_without_internal_uuid,ONT-ACC-0030,,implemented_verified
ONT-REQ-0026,ONT-DEC-0018,PublicRef,ONT-TOOL-0001|ONT-TOOL-0006|ONT-TOOL-0007,migrations/versions/0028_provenance_bootstrap.py|migrations/versions/0029_runtime_provenance_inspection.py|migrations/versions/0037_provider_account_public_refs.py,src/docket/services/history.py|src/docket/domain/public_refs.py,tests/integration/test_history.py::test_exact_history_lookup_and_conversation_reconstruction_are_public_and_bounded|tests/integration/test_history.py::test_provider_identity_source_ref_is_searchable_without_internal_uuid,ONT-ACC-0030,,implemented_verified
ONT-REQ-0027,,audit_events|AuditEvent,ONT-TOOL-0006|ONT-TOOL-0007,migrations/versions/0028_provenance_bootstrap.py|migrations/versions/0029_runtime_provenance_inspection.py,src/docket/services/provenance.py,tests/integration/test_provenance_ledger.py::test_operator_utterance_is_verbatim_idempotent_and_immutable|tests/integration/test_typed_registry.py::test_rich_registry_graph_commits_atomically_with_create_references,ONT-ACC-0021,,implemented_verified
ONT-REQ-0028,ONT-DEC-0017,tool_invocations|ToolInvocationStatus,interactive.tool_boundary|triage.tool_boundary,migrations/versions/0028_provenance_bootstrap.py|migrations/versions/0029_runtime_provenance_inspection.py,src/docket/mcp/instrumented.py|src/docket/mcp/instrumented.py,tests/integration/test_mcp_traces.py::test_mcp_trace_reconciles_qualified_tool_lifecycle|tests/integration/test_mcp_traces.py::test_mcp_trace_reconciles_qualified_tool_lifecycle,ONT-ACC-0026,,implemented_verified
ONT-REQ-0029,,ToolArgumentFingerprint,interactive.tool_boundary|triage.tool_boundary,migrations/versions/0028_provenance_bootstrap.py|migrations/versions/0029_runtime_provenance_inspection.py,src/docket/mcp/instrumented.py,tests/adversarial/test_plugin_actor_gate.py::test_docket_mcp_hooks_emit_only_bounded_trace_metadata|tests/integration/test_mcp_traces.py::test_mcp_trace_reconciles_qualified_tool_lifecycle,ONT-ACC-0026,,implemented_verified
ONT-REQ-0030,,runtime_log_entries|RuntimeLogEntry,,migrations/versions/0028_provenance_bootstrap.py|migrations/versions/0029_runtime_provenance_inspection.py,src/docket/services/operational_logs.py,tests/integration/test_history.py::test_runtime_log_entry_is_operational_and_immutable,ONT-ACC-0026,,implemented_verified
ONT-REQ-0031,,HistorySearchFilters,ONT-TOOL-0006,migrations/versions/0028_provenance_bootstrap.py|migrations/versions/0029_runtime_provenance_inspection.py,src/docket/services/history.py,tests/integration/test_history.py::test_history_search_filters_paginates_and_stays_under_utf8_budget,ONT-ACC-0021,,implemented_verified
ONT-REQ-0032,,entities|person_profiles,ONT-TOOL-0001|ONT-TOOL-0002,migrations/versions/0031_typed_registry.py,src/docket/services/registry.py,tests/integration/test_typed_registry.py::test_rich_registry_graph_commits_atomically_with_create_references|tests/integration/test_attention_intelligence.py::test_unknown_sender_meeting_admits_case_for_event_not_identity,ONT-ACC-0007,,implemented_verified
ONT-REQ-0033,,entities.entity_kind|organization_profiles|entity_hierarchy,ONT-TOOL-0003|ONT-TOOL-0005,migrations/versions/0031_typed_registry.py,src/docket/services/registry.py|src/docket/services/network.py,tests/integration/test_typed_registry.py::test_rich_registry_graph_commits_atomically_with_create_references,ONT-ACC-0031,,implemented_verified
ONT-REQ-0034,,identity_handles|identity_bindings|sender_identity_emails,ONT-TOOL-0001|ONT-TOOL-0007|ONT-TOOL-0014,migrations/versions/0031_typed_registry.py|migrations/versions/0039_sender_identity_emails.py,src/docket/services/entity_resolution.py|src/docket/services/source_identities.py|src/docket/services/registry.py,tests/integration/test_typed_registry.py::test_unknown_identity_is_not_a_person_and_similarity_is_advisory|tests/integration/test_attention_intelligence.py::test_unknown_sender_meeting_admits_case_for_event_not_identity|tests/integration/test_preferences_and_lanes.py::test_sender_label_groups_exact_emails_and_owns_suppression_policy,ONT-ACC-0007|ONT-ACC-0009,,implemented_verified
ONT-REQ-0035,,affiliations|Affiliation,ONT-TOOL-0002|ONT-TOOL-0003|ONT-TOOL-0011,migrations/versions/0031_typed_registry.py,src/docket/services/registry.py,tests/integration/test_typed_registry.py::test_rich_registry_graph_commits_atomically_with_create_references,ONT-ACC-0031,,implemented_verified
ONT-REQ-0036,,relationships|Relationship,ONT-TOOL-0002|ONT-TOOL-0005|ONT-TOOL-0011,migrations/versions/0031_typed_registry.py,src/docket/services/registry.py,tests/integration/test_typed_registry.py::test_rich_registry_graph_commits_atomically_with_create_references,ONT-ACC-0031,,implemented_verified
ONT-REQ-0037,,facts|Fact,ONT-TOOL-0002|ONT-TOOL-0011,migrations/versions/0031_typed_registry.py,src/docket/services/registry.py,tests/integration/test_typed_registry.py::test_rich_registry_graph_commits_atomically_with_create_references,ONT-ACC-0031,,implemented_verified
ONT-REQ-0038,,interactions|interaction_participants,ONT-TOOL-0002|ONT-TOOL-0003,migrations/versions/0031_typed_registry.py,src/docket/services/registry.py,tests/integration/test_typed_registry.py::test_rich_registry_graph_commits_atomically_with_create_references,ONT-ACC-0031,,implemented_verified
ONT-REQ-0039,,person_profiles.is_operator,ONT-TOOL-0004|ONT-TOOL-0005,migrations/versions/0031_typed_registry.py,src/docket/services/registry.py|src/docket/services/network.py,tests/integration/test_typed_registry.py::test_rich_registry_graph_commits_atomically_with_create_references,ONT-ACC-0031,,implemented_verified
ONT-REQ-0040,,IdentityResolutionBasis,ONT-TOOL-0001|ONT-TOOL-0011,migrations/versions/0031_typed_registry.py,src/docket/services/entity_resolution.py,tests/integration/test_typed_registry.py::test_unknown_identity_is_not_a_person_and_similarity_is_advisory,ONT-ACC-0011,,implemented_verified
ONT-REQ-0041,,IdentityCandidate,ONT-TOOL-0001,migrations/versions/0031_typed_registry.py,src/docket/services/entity_resolution.py,tests/integration/test_typed_registry.py::test_unknown_identity_is_not_a_person_and_similarity_is_advisory,ONT-ACC-0012,,implemented_verified
ONT-REQ-0042,,IdentityCandidateSet,ONT-TOOL-0001|ONT-TOOL-0010,migrations/versions/0031_typed_registry.py,src/docket/services/entity_resolution.py,tests/integration/test_typed_registry.py::test_unknown_identity_is_not_a_person_and_similarity_is_advisory,ONT-ACC-0012,,implemented_verified
ONT-REQ-0043,,IdentityResolutionDisposition,ONT-TOOL-0001|ONT-TOOL-0012,migrations/versions/0031_typed_registry.py,src/docket/services/entity_resolution.py,tests/integration/test_typed_registry.py::test_unknown_identity_is_not_a_person_and_similarity_is_advisory|tests/integration/test_attention_intelligence.py::test_unknown_sender_meeting_admits_case_for_event_not_identity,ONT-ACC-0007|ONT-ACC-0012,,implemented_verified
ONT-REQ-0044,,IdentityResolutionBasis|AuditEvent|SenderIdentityEmail.basis_refs,ONT-TOOL-0006|ONT-TOOL-0007,migrations/versions/0031_typed_registry.py|migrations/versions/0039_sender_identity_emails.py,src/docket/services/entity_resolution.py|src/docket/services/provenance.py|src/docket/services/source_identities.py,tests/integration/test_typed_registry.py::test_unknown_identity_is_not_a_person_and_similarity_is_advisory|tests/integration/test_preferences_and_lanes.py::test_sender_label_groups_exact_emails_and_owns_suppression_policy,ONT-ACC-0011,,implemented_verified
ONT-REQ-0045,ONT-DEC-0015,attention_cases|TriageRun,ONT-TOOL-0013|ONT-TOOL-0014,migrations/versions/0032_attention_intelligence.py,src/docket/services/intelligence.py,tests/integration/test_attention_intelligence.py::test_unknown_sender_meeting_admits_case_for_event_not_identity,ONT-ACC-0007,,implemented_verified
ONT-REQ-0046,ONT-DEC-0015,AttentionCase,ONT-TOOL-0014,migrations/versions/0032_attention_intelligence.py,src/docket/services/intelligence.py,tests/integration/test_attention_intelligence.py::test_unknown_sender_meeting_admits_case_for_event_not_identity,ONT-ACC-0007,,implemented_verified
ONT-REQ-0047,ONT-DEC-0015,case_items,ONT-TOOL-0014,migrations/versions/0032_attention_intelligence.py,src/docket/services/intelligence.py,tests/integration/test_attention_intelligence.py::test_unknown_sender_meeting_admits_case_for_event_not_identity,ONT-ACC-0007,,implemented_verified
ONT-REQ-0048,ONT-DEC-0015,attention_case_revisions|discord_projections,ONT-TOOL-0014,migrations/versions/0032_attention_intelligence.py,src/docket/services/intelligence.py|src/docket/services/discord_projection.py,tests/integration/test_attention_intelligence.py::test_unknown_sender_meeting_admits_case_for_event_not_identity,ONT-ACC-0007,,implemented_verified
ONT-REQ-0049,ONT-DEC-0002,TriageSemanticClass|TriageDisposition,ONT-TOOL-0013,migrations/versions/0032_attention_intelligence.py,src/docket/services/triage.py,tests/integration/test_attention_intelligence.py::test_optional_outreach_is_brief_without_attention_demand|tests/integration/test_attention_intelligence.py::test_noise_is_suppressed_without_case_or_projection,ONT-ACC-0013,,implemented_verified
ONT-REQ-0050,ONT-DEC-0002,TriageCapability,ONT-TOOL-0012|ONT-TOOL-0013|ONT-TOOL-0014|ONT-TOOL-0015,migrations/versions/0032_attention_intelligence.py,src/docket/services/triage.py,tests/integration/test_mcp_contract.py::test_triage_profile_is_exact_and_non_authoritative|tests/integration/test_attention_intelligence.py::test_unknown_sender_meeting_admits_case_for_event_not_identity,ONT-ACC-0020,,implemented_verified
ONT-REQ-0051,ONT-DEC-0002,TriageCapability,triage.profile_contract,migrations/versions/0032_attention_intelligence.py,src/docket/services/triage.py|src/docket/mcp/triage_server.py,tests/integration/test_mcp_contract.py::test_triage_profile_is_exact_and_non_authoritative|tests/integration/test_attention_intelligence.py::test_unknown_sender_meeting_admits_case_for_event_not_identity|tests/unit/test_hermes_skill_contract.py::test_triage_skill_applies_policy_before_resolution_and_forbids_registration,ONT-ACC-0020,ONT-OPS-TRIAGE-CAPABILITY-AUDIT-0001,implemented_verified
ONT-REQ-0052,,context_packets|ContextPacket,ONT-TOOL-0012,migrations/versions/0032_attention_intelligence.py,src/docket/services/intelligence.py,tests/integration/test_attention_intelligence.py::test_unknown_sender_meeting_admits_case_for_event_not_identity,ONT-ACC-0032,,implemented_verified
ONT-REQ-0053,,ContextPacketProjection|SenderResolution,ONT-TOOL-0012|ONT-TOOL-0014,migrations/versions/0032_attention_intelligence.py|migrations/versions/0039_sender_identity_emails.py,src/docket/services/intelligence.py|src/docket/services/source_identities.py,tests/integration/test_attention_intelligence.py::test_unknown_sender_meeting_admits_case_for_event_not_identity|tests/integration/test_attention_intelligence.py::test_noise_is_suppressed_without_case_or_projection,ONT-ACC-0032,,implemented_verified
ONT-REQ-0054,,TrustedContext|UntrustedEvidence,ONT-TOOL-0012,migrations/versions/0032_attention_intelligence.py,src/docket/services/intelligence.py,tests/integration/test_attention_intelligence.py::test_unknown_sender_meeting_admits_case_for_event_not_identity,ONT-ACC-0032,,implemented_verified
ONT-REQ-0055,ONT-DEC-0019,ContextPacket,ONT-TOOL-0012,migrations/versions/0032_attention_intelligence.py,src/docket/services/intelligence.py,tests/integration/test_attention_intelligence.py::test_unknown_sender_meeting_admits_case_for_event_not_identity,ONT-ACC-0032,,implemented_verified
ONT-REQ-0056,,intent_sessions,ONT-TOOL-0010,migrations/versions/0030_authority_model.py,src/docket/services/intent_sessions.py,tests/integration/test_daily_briefs.py::test_overnight_cases_publish_once_in_replyable_morning_brief|tests/integration/test_daily_briefs.py::test_overnight_cases_publish_once_in_replyable_morning_brief,ONT-ACC-0008|ONT-ACC-0016,,implemented_verified
ONT-REQ-0057,,case_revision_refs|brief_revision_refs,ONT-TOOL-0010,migrations/versions/0032_attention_intelligence.py,src/docket/services/intent_sessions.py|src/docket/services/intelligence.py,tests/integration/test_daily_briefs.py::test_overnight_cases_publish_once_in_replyable_morning_brief|tests/integration/test_daily_briefs.py::test_overnight_cases_publish_once_in_replyable_morning_brief,ONT-ACC-0008|ONT-ACC-0016,,implemented_verified
ONT-REQ-0058,,IntentSession,ONT-TOOL-0010,migrations/versions/0030_authority_model.py,src/docket/services/intent_sessions.py,tests/integration/test_daily_briefs.py::test_overnight_cases_publish_once_in_replyable_morning_brief,ONT-ACC-0008,,implemented_verified
ONT-REQ-0059,,ChangeSet,ONT-TOOL-0011,migrations/versions/0030_authority_model.py,src/docket/services/change_sets.py,tests/integration/test_daily_briefs.py::test_overnight_cases_publish_once_in_replyable_morning_brief|tests/integration/test_typed_registry.py::test_rich_registry_graph_commits_atomically_with_create_references,ONT-ACC-0008|ONT-ACC-0010,,implemented_verified
ONT-REQ-0060,,IntentAuthority,ONT-TOOL-0011,migrations/versions/0030_authority_model.py,src/docket/services/change_sets.py,tests/integration/test_canonical_event_changesets.py::test_rich_event_changeset_commits_event_route_and_provider_intents_without_approval|tests/unit/test_hermes_skill_contract.py::test_manual_skill_uses_ledger_authority_without_redundant_approval,ONT-ACC-0008,,implemented_verified
ONT-REQ-0061,,IntentSession|ChangeSet,ONT-TOOL-0001|ONT-TOOL-0011,migrations/versions/0031_typed_registry.py,src/docket/services/intent_sessions.py|src/docket/services/change_sets.py,tests/integration/test_typed_registry.py::test_rich_registry_graph_commits_atomically_with_create_references,ONT-ACC-0033,,implemented_verified
ONT-REQ-0062,,OperatorUtterance|InterpretedStatement|Conflict|ChangeSet,ONT-TOOL-0001|ONT-TOOL-0008|ONT-TOOL-0011,migrations/versions/0031_typed_registry.py,src/docket/services/intent_sessions.py|src/docket/services/change_sets.py,tests/integration/test_typed_registry.py::test_rich_registry_graph_commits_atomically_with_create_references|tests/integration/test_authority_model.py::test_interactive_clarification_resumes_commits_and_replays,ONT-ACC-0033,,implemented_verified
ONT-REQ-0063,,IntentSessionState|ResolvedIntent,ONT-TOOL-0010,migrations/versions/0030_authority_model.py,src/docket/services/intent_sessions.py,tests/integration/test_authority_model.py::test_interactive_clarification_resumes_commits_and_replays,ONT-ACC-0003,,implemented_verified
ONT-REQ-0064,,ResolvedIntent,ONT-TOOL-0010,migrations/versions/0030_authority_model.py,src/docket/services/intent_sessions.py,tests/integration/test_authority_model.py::test_interactive_clarification_resumes_commits_and_replays|tests/integration/test_authority_model.py::test_open_conflict_blocks_whole_changeset_until_blocked_effect_removed,ONT-ACC-0034,,implemented_verified
ONT-REQ-0065,,ClarificationSet,ONT-TOOL-0010,migrations/versions/0030_authority_model.py,src/docket/services/intent_sessions.py,tests/integration/test_authority_model.py::test_interactive_clarification_resumes_commits_and_replays,ONT-ACC-0034,,implemented_verified
ONT-REQ-0066,,intent_sessions|intent_turns,ONT-TOOL-0010,migrations/versions/0030_authority_model.py,src/docket/services/intent_sessions.py,tests/integration/test_authority_model.py::test_intent_session_and_turn_survive_as_durable_exact_state,ONT-ACC-0024,,implemented_verified
ONT-REQ-0067,,ChangeSet,ONT-TOOL-0011,migrations/versions/0030_authority_model.py,src/docket/services/change_sets.py,tests/integration/test_authority_model.py::test_interactive_clarification_resumes_commits_and_replays|tests/integration/test_canonical_event_changesets.py::test_rich_event_changeset_commits_event_route_and_provider_intents_without_approval,ONT-ACC-0003|ONT-ACC-0008,,implemented_verified
ONT-REQ-0068,,ChangeSet,ONT-TOOL-0011,migrations/versions/0030_authority_model.py,src/docket/services/change_sets.py,tests/integration/test_canonical_event_changesets.py::test_rich_event_changeset_commits_event_route_and_provider_intents_without_approval|tests/integration/test_authority_model.py::test_open_conflict_blocks_whole_changeset_until_blocked_effect_removed,ONT-ACC-0003,,implemented_verified
ONT-REQ-0069,,change_sets,ONT-TOOL-0007|ONT-TOOL-0011,migrations/versions/0030_authority_model.py,src/docket/services/change_sets.py,tests/integration/test_authority_model.py::test_conflict_resolution_commits_through_one_immutable_changeset,ONT-ACC-0035,,implemented_verified
ONT-REQ-0070,,ChangeSetValidation,ONT-TOOL-0011,migrations/versions/0030_authority_model.py,src/docket/services/change_sets.py,tests/integration/test_authority_model.py::test_open_conflict_blocks_whole_changeset_until_blocked_effect_removed|tests/integration/test_canonical_event_changesets.py::test_rich_event_changeset_commits_event_route_and_provider_intents_without_approval,ONT-ACC-0003,,implemented_verified
ONT-REQ-0071,,ChangeSetTransaction,ONT-TOOL-0011,migrations/versions/0030_authority_model.py,src/docket/services/change_sets.py,tests/integration/test_canonical_event_changesets.py::test_rich_event_changeset_commits_event_route_and_provider_intents_without_approval,ONT-ACC-0019,,implemented_verified
ONT-REQ-0072,,operations.originating_changeset_ref,ONT-TOOL-0011,migrations/versions/0030_authority_model.py,src/docket/services/change_sets.py|src/docket/services/operations.py,tests/integration/test_canonical_event_changesets.py::test_rich_event_changeset_commits_event_route_and_provider_intents_without_approval,ONT-ACC-0019,,implemented_verified
ONT-REQ-0073,,calendar_lanes|CalendarLane,interactive.calendar_lane_list,migrations/versions/0033_preferences_and_lanes.py,src/docket/services/calendar_lanes.py,tests/integration/test_preferences_and_lanes.py::test_ignore_unknown_sender_and_create_lane_route_commit_in_one_changeset,ONT-ACC-0036,,implemented_verified
ONT-REQ-0074,,CalendarLanePolicyProvenance,interactive.calendar_lane_list|ONT-TOOL-0011,migrations/versions/0033_preferences_and_lanes.py,src/docket/services/calendar_lanes.py,tests/integration/test_preferences_and_lanes.py::test_ignore_unknown_sender_and_create_lane_route_commit_in_one_changeset,ONT-ACC-0036,,implemented_verified
ONT-REQ-0075,ONT-DEC-0003,LaneRoutingDecision,ONT-TOOL-0011,migrations/versions/0033_preferences_and_lanes.py,src/docket/services/policies.py,tests/integration/test_preferences_and_lanes.py::test_lane_precedent_requires_three_latest_consistent_operator_decisions,ONT-ACC-0017,,implemented_verified
ONT-REQ-0076,ONT-DEC-0003,LaneSemanticInference,ONT-TOOL-0010|ONT-TOOL-0011,migrations/versions/0033_preferences_and_lanes.py,src/docket/services/policies.py,tests/integration/test_preferences_and_lanes.py::test_lane_precedent_requires_three_latest_consistent_operator_decisions,ONT-ACC-0018,,implemented_verified
ONT-REQ-0077,ONT-DEC-0003,lane_routing_decisions,ONT-TOOL-0007|ONT-TOOL-0011,migrations/versions/0033_preferences_and_lanes.py,src/docket/services/policies.py,tests/integration/test_preferences_and_lanes.py::test_ignore_unknown_sender_and_create_lane_route_commit_in_one_changeset|tests/integration/test_preferences_and_lanes.py::test_lane_precedent_requires_three_latest_consistent_operator_decisions,ONT-ACC-0017,,implemented_verified
ONT-REQ-0078,,preferences|TRIAGE.md,ONT-TOOL-0012|ONT-TOOL-0015,migrations/versions/0031_typed_registry.py,src/docket/services/policies.py,tests/integration/test_preferences_and_lanes.py::test_ignore_unknown_sender_and_create_lane_route_commit_in_one_changeset|tests/unit/test_release_script_contract.py::test_gmail_triage_installer_pins_an_isolated_profile_and_local_delivery|tests/adversarial/test_plugin_actor_gate.py::test_authorized_chat_receives_bounded_operator_preferences,ONT-ACC-0013,,implemented_verified
ONT-REQ-0079,,PreferencePrecedence,ONT-TOOL-0012|ONT-TOOL-0015,migrations/versions/0031_typed_registry.py,src/docket/services/policies.py,tests/integration/test_preferences_and_lanes.py::test_lane_routing_precedence_distinguishes_exact_triage_and_broad_policy,ONT-ACC-0013,,implemented_verified
ONT-REQ-0080,,HistoricalBehaviorSignal,ONT-TOOL-0012,migrations/versions/0031_typed_registry.py,src/docket/services/policies.py,tests/integration/test_preferences_and_lanes.py::test_lane_precedent_requires_three_latest_consistent_operator_decisions,ONT-ACC-0037,,implemented_verified
ONT-REQ-0081,,Preference.target_identity_ref|Preference.policy_json|sender_identity_emails,ONT-TOOL-0007|ONT-TOOL-0011|ONT-TOOL-0014,migrations/versions/0031_typed_registry.py|migrations/versions/0039_sender_identity_emails.py,src/docket/services/policies.py|src/docket/services/registry.py|src/docket/services/source_identities.py,tests/integration/test_preferences_and_lanes.py::test_ignore_unknown_sender_and_create_lane_route_commit_in_one_changeset|tests/integration/test_preferences_and_lanes.py::test_sender_label_groups_exact_emails_and_owns_suppression_policy|tests/integration/test_preferences_and_lanes.py::test_existing_label_and_inert_preference_are_corrected_atomically|tests/integration/test_attention_intelligence.py::test_noise_is_suppressed_without_case_or_projection,ONT-ACC-0009,,implemented_verified
ONT-REQ-0082,ONT-DEC-0004|ONT-DEC-0020,AttentionCaseProjectionSchedule,,migrations/versions/0032_attention_intelligence.py,src/docket/services/intelligence.py|src/docket/services/discord_projection.py,tests/integration/test_attention_intelligence.py::test_unknown_sender_meeting_admits_case_for_event_not_identity,ONT-ACC-0015,,implemented_verified
ONT-REQ-0083,ONT-DEC-0004|ONT-DEC-0020,AttentionCaseProjectionSchedule,,migrations/versions/0032_attention_intelligence.py,src/docket/services/intelligence.py|src/docket/services/briefs.py,tests/integration/test_daily_briefs.py::test_overnight_cases_publish_once_in_replyable_morning_brief,ONT-ACC-0014,,implemented_verified
ONT-REQ-0084,ONT-DEC-0004|ONT-DEC-0020,DailyBriefInterval,,migrations/versions/0032_attention_intelligence.py,src/docket/services/briefs.py,tests/integration/test_daily_briefs.py::test_overnight_cases_publish_once_in_replyable_morning_brief,ONT-ACC-0014,,implemented_verified
ONT-REQ-0085,ONT-DEC-0004|ONT-DEC-0020,DailyBriefInterval,,migrations/versions/0032_attention_intelligence.py,src/docket/services/briefs.py,tests/integration/test_attention_intelligence.py::test_unknown_sender_meeting_admits_case_for_event_not_identity,ONT-ACC-0015,,implemented_verified
ONT-REQ-0086,ONT-DEC-0020,daily_briefs|daily_brief_items,ONT-TOOL-0010,migrations/versions/0032_attention_intelligence.py,src/docket/services/briefs.py|src/docket/services/intent_sessions.py,tests/integration/test_daily_briefs.py::test_overnight_cases_publish_once_in_replyable_morning_brief,ONT-ACC-0016,,implemented_verified
ONT-REQ-0087,ONT-DEC-0012,InteractiveToolContract|TriageToolContract,interactive.profile_contract|triage.profile_contract,scripts/generate-tool-contracts.py,src/docket/tool_contracts.py|hermes/plugin/docket_discord/__init__.py,tests/integration/test_mcp_contract.py::test_generated_tool_contracts_have_exact_profile_parity_and_hashes,ONT-ACC-0022,,implemented_verified
ONT-REQ-0088,ONT-DEC-0012,ToolContractEntry,interactive.profile_contract|triage.profile_contract,scripts/generate-tool-contracts.py,src/docket/tool_contracts.py,tests/integration/test_mcp_contract.py::test_generated_tool_contracts_have_exact_profile_parity_and_hashes,ONT-ACC-0022,,implemented_verified
ONT-REQ-0089,ONT-DEC-0012,ToolSchemaAuthority|ToolContractAuthority,interactive.profile_contract|triage.profile_contract,scripts/generate-tool-contracts.py,src/docket/tool_contracts.py,tests/integration/test_mcp_contract.py::test_interactive_profile_exposes_only_reads_and_changeset_authority|tests/integration/test_mcp_contract.py::test_triage_profile_is_exact_and_non_authoritative,ONT-ACC-0022,,implemented_verified
ONT-REQ-0090,ONT-DEC-0012,SessionContractBinding,interactive.profile_contract|triage.profile_contract,scripts/generate-tool-contracts.py,hermes/plugin/docket_discord/__init__.py,tests/adversarial/test_plugin_actor_gate.py::test_docket_mcp_hooks_emit_only_bounded_trace_metadata|tests/integration/test_mcp_contract.py::test_generated_tool_contracts_have_exact_profile_parity_and_hashes,ONT-ACC-0022,ONT-OPS-CONTRACT-TRACE-0001,implemented_verified
ONT-REQ-0091,ONT-DEC-0012,ContractTrace,interactive.profile_contract|triage.profile_contract,scripts/generate-tool-contracts.py,hermes/plugin/docket_discord/__init__.py|src/docket/mcp/instrumented.py,tests/adversarial/test_plugin_actor_gate.py::test_docket_mcp_hooks_emit_only_bounded_trace_metadata|tests/integration/test_mcp_traces.py::test_mcp_trace_reconciles_qualified_tool_lifecycle,ONT-ACC-0022,ONT-OPS-CONTRACT-TRACE-0001,implemented_verified
ONT-REQ-0092,ONT-DEC-0012|ONT-DEC-0019,ToolExposureMatrix,interactive.profile_contract|triage.profile_contract,scripts/generate-tool-contracts.py,src/docket/tool_contracts.py|tests/integration/test_mcp_contract.py,tests/integration/test_mcp_contract.py::test_interactive_profile_exposes_only_reads_and_changeset_authority|tests/integration/test_mcp_contract.py::test_triage_profile_is_exact_and_non_authoritative|tests/integration/test_mcp_contract.py::test_generated_tool_contracts_have_exact_profile_parity_and_hashes,ONT-ACC-0022,,implemented_verified
ONT-REQ-0093,ONT-DEC-0005,ActiveAuthorityPrompt,interactive.profile_contract,migrations/versions/0030_authority_model.py,hermes/plugin/docket_discord/__init__.py,tests/adversarial/test_plugin_actor_gate.py::test_docket_mcp_hooks_emit_only_bounded_trace_metadata|tests/unit/test_hermes_skill_contract.py::test_manual_skill_uses_ledger_authority_without_redundant_approval,ONT-ACC-0038,,implemented_verified
ONT-REQ-0094,ONT-DEC-0005,ActiveAuthorityPrompt,interactive.profile_contract,migrations/versions/0030_authority_model.py,hermes/plugin/docket_discord/__init__.py,tests/adversarial/test_plugin_actor_gate.py::test_docket_mcp_hooks_emit_only_bounded_trace_metadata|tests/integration/test_mcp_contract.py::test_generated_tool_contracts_have_exact_profile_parity_and_hashes,ONT-ACC-0022,ONT-OPS-CONTRACT-TRACE-0001,implemented_verified
ONT-REQ-0095,ONT-DEC-0006|ONT-DEC-0019,CompactToolEnvelope,interactive.profile_contract|triage.profile_contract,scripts/generate-tool-contracts.py,src/docket/mcp/instrumented.py,tests/integration/test_mcp_output_envelope.py::test_mcp_boundary_minifies_null_omits_and_byte_bounds_default_lists|tests/integration/test_mcp_output_envelope.py::test_retained_provider_reads_chain_through_public_refs_without_uuid_leak|tests/integration/test_history.py::test_exact_history_lookup_and_conversation_reconstruction_are_public_and_bounded,ONT-ACC-0023,,implemented_verified
ONT-REQ-0096,ONT-DEC-0006|ONT-DEC-0019,PagedToolEnvelope,interactive.profile_contract|triage.profile_contract,scripts/generate-tool-contracts.py,src/docket/mcp/instrumented.py|src/docket/mcp/server.py,tests/integration/test_mcp_output_envelope.py::test_mcp_boundary_minifies_null_omits_and_byte_bounds_default_lists|tests/integration/test_mcp_output_envelope.py::test_retained_provider_reads_chain_through_public_refs_without_uuid_leak|tests/integration/test_history.py::test_history_search_filters_paginates_and_stays_under_utf8_budget,ONT-ACC-0023,,implemented_verified
ONT-REQ-0097,ONT-DEC-0019,ToolPayloadBudget,interactive.profile_contract|triage.profile_contract,scripts/generate-tool-contracts.py,src/docket/mcp/instrumented.py,tests/integration/test_mcp_output_envelope.py::test_mcp_boundary_minifies_null_omits_and_byte_bounds_default_lists|tests/integration/test_mcp_output_envelope.py::test_explicit_audit_view_uses_64_kib_utf8_budget_and_self_truncates,ONT-ACC-0023,,implemented_verified
ONT-REQ-0098,ONT-DEC-0006|ONT-DEC-0019,ToolView,ONT-TOOL-0006|ONT-TOOL-0007,scripts/generate-tool-contracts.py,src/docket/mcp/instrumented.py|src/docket/services/history.py,tests/integration/test_history.py::test_exact_history_lookup_and_conversation_reconstruction_are_public_and_bounded|tests/integration/test_mcp_output_envelope.py::test_explicit_audit_view_uses_64_kib_utf8_budget_and_self_truncates,ONT-ACC-0023,,implemented_verified
ONT-REQ-0099,,DiscordProjection,,migrations/versions/0032_attention_intelligence.py,src/docket/services/discord_projection.py,tests/adversarial/test_plugin_actor_gate.py::test_agent_response_persistence_failure_blocks_discord_delivery|tests/integration/test_attention_intelligence.py::test_unknown_sender_meeting_admits_case_for_event_not_identity,ONT-ACC-0025,,implemented_verified
ONT-REQ-0100,,ProjectionBinding,,migrations/versions/0032_attention_intelligence.py|migrations/versions/0035_agent_turn_response_linkage.py,src/docket/services/discord_projection.py|src/docket/services/provenance.py,tests/adversarial/test_plugin_actor_gate.py::test_agent_response_persistence_failure_blocks_discord_delivery|tests/integration/test_authority_model.py::test_intent_session_and_turn_survive_as_durable_exact_state|tests/integration/test_attention_intelligence.py::test_unknown_sender_meeting_admits_case_for_event_not_identity|tests/adversarial/test_plugin_actor_gate.py::test_projection_reply_binding_is_injected_as_trusted_context,ONT-ACC-0025,,implemented_verified
ONT-REQ-0101,,outbox_events|discord_projections,,migrations/versions/0032_attention_intelligence.py,src/docket/services/discord_projection.py,tests/integration/test_daily_briefs.py::test_overnight_cases_publish_once_in_replyable_morning_brief|tests/adversarial/test_plugin_actor_gate.py::test_agent_response_persistence_failure_blocks_discord_delivery,ONT-ACC-0025,ONT-OPS-DISCORD-OUTAGE-0001,implemented_verified
ONT-REQ-0102,,interactions,ONT-TOOL-0002|ONT-TOOL-0003,migrations/versions/0031_typed_registry.py,src/docket/services/registry.py,tests/integration/test_typed_registry.py::test_rich_registry_graph_commits_atomically_with_create_references,ONT-ACC-0039,,implemented_verified
ONT-REQ-0103,,InteractionCreationPolicy,,migrations/versions/0031_typed_registry.py,src/docket/services/registry.py,tests/integration/test_canonical_event_changesets.py::test_rich_event_changeset_commits_event_route_and_provider_intents_without_approval,ONT-ACC-0039,,implemented_verified
ONT-REQ-0104,,DailyBriefContextClaim,,migrations/versions/0032_attention_intelligence.py,src/docket/services/briefs.py,tests/integration/test_attention_intelligence.py::test_unknown_sender_meeting_admits_case_for_event_not_identity|tests/integration/test_typed_registry.py::test_rich_registry_graph_commits_atomically_with_create_references,ONT-ACC-0039,,implemented_verified
ONT-REQ-0105,,SourceRetentionPolicy,triage.context_get,migrations/versions/0028_provenance_bootstrap.py|migrations/versions/0029_runtime_provenance_inspection.py,src/docket/services/retention.py,tests/integration/test_gmail_ingestion.py::test_paginated_scan_advances_checkpoint_without_duplicate_sources,ONT-ACC-0040,ONT-OPS-RETENTION-INSPECTION-0001,implemented_verified
ONT-REQ-0106,,OperatorUtteranceRetentionPolicy,,migrations/versions/0028_provenance_bootstrap.py|migrations/versions/0029_runtime_provenance_inspection.py,src/docket/services/retention.py|src/docket/services/provenance.py,tests/integration/test_gmail_ingestion.py::test_paginated_scan_advances_checkpoint_without_duplicate_sources,ONT-ACC-0040,ONT-OPS-RETENTION-INSPECTION-0001,implemented_verified
ONT-REQ-0107,,ToolInvocationRetentionPolicy,interactive.tool_boundary|triage.tool_boundary,migrations/versions/0028_provenance_bootstrap.py|migrations/versions/0029_runtime_provenance_inspection.py,src/docket/mcp/instrumented.py|src/docket/services/retention.py,tests/adversarial/test_plugin_actor_gate.py::test_docket_mcp_hooks_emit_only_bounded_trace_metadata|tests/integration/test_gmail_ingestion.py::test_paginated_scan_advances_checkpoint_without_duplicate_sources,ONT-ACC-0026|ONT-ACC-0040,ONT-OPS-RETENTION-INSPECTION-0001,implemented_verified
ONT-REQ-0108,,OperationBundle|Operation|ExecutionAttempt,ONT-TOOL-0007,migrations/versions/0030_authority_model.py,src/docket/services/operations.py,tests/integration/test_canonical_event_changesets.py::test_uncertain_provider_failure_does_not_roll_back_committed_event,ONT-ACC-0019,,implemented_verified
ONT-REQ-0109,,Operation.originating_changeset_ref|Operation.basis_refs|Operation.provenance_status,ONT-TOOL-0007,migrations/versions/0030_authority_model.py|migrations/versions/0036_operation_provenance_status.py,src/docket/services/operations.py|src/docket/services/provider_intents.py,tests/integration/test_canonical_event_changesets.py::test_rich_event_changeset_commits_event_route_and_provider_intents_without_approval,ONT-ACC-0003,,implemented_verified
ONT-REQ-0110,,ExecutionAttempt|Reconciliation,ONT-TOOL-0007,migrations/versions/0030_authority_model.py,src/docket/services/operations.py,tests/integration/test_canonical_event_changesets.py::test_uncertain_provider_failure_does_not_roll_back_committed_event,ONT-ACC-0019,ONT-OPS-RECONCILIATION-DRILL-0001,implemented_verified
ONT-REQ-0111,,TraceabilityRow,,tests/integration/test_ontology_traceability.py,tests/integration/test_ontology_traceability.py,tests/integration/test_ontology_traceability.py::test_every_normative_requirement_is_implemented_and_verification_mapped,ONT-ACC-0041,,implemented_verified
ONT-REQ-0112,,TraceabilityRow.acceptance_refs,,tests/integration/test_ontology_traceability.py,tests/integration/test_ontology_traceability.py,tests/integration/test_ontology_traceability.py::test_externally_visible_requirements_have_acceptance_coverage,ONT-ACC-0041,,implemented_verified
